# mySQL - конспект #

## Установка  mySQL: ##
**Для операцинной системы Ubintu / Linux*:

В терминале:

- Выполняем обновление данных репозитория: ```sudo apt-get update```
- Устанавливаем mySQL сервер: ```sudo apt-get install mysql-server```
- Устанавиливаем mySQL клиент: ```sudo apt-get install mysql-client```

После установки клиента и сервера, проверяем работоспособность нашей СУБД, для этого:

- Заходим в mySQL командой: ```sudo mysql -u root```
- Посмотреть доступые команды можно написав: ```help```
- Так как mySQL это система управления базами данных, можно посмотреть какие БД установлены, командой: ```SHOW DATABASES;```, после чего, получим в терминале вот такое сообщение:

```
+--------------------+
| Database           |
+--------------------+
| information_schema |
| mysql              |
| performance_schema |
| sys                |
+--------------------+
4 rows in set (0,00 sec)
```

## Создание базы данных: ##

- Что бы создать БД нам потребуется следующая команда: ```CREATE DATABASE``` после которой мы вводим название базы, для примера назовем её mybase: ```CREATE DATABASE mybase;```
- Теперь после ```SHOW DATABASES;``` мы увидим нашу базу в списке:

```
+--------------------+
| Database           |
+--------------------+
| information_schema |
| mybase             |
| mysql              |
| performance_schema |
| sys                |
+--------------------+
5 rows in set (0,00 sec)
``` 

- Для перехода в нашу БД используем команду: ```USE mybase;```
- Внутри нашей БД можно посмотреть список таблиц ```SHOW TABLES;```, так как мы ничего ещё не создавали, вернется ```Empty set```.

## Создание таблицы: ##

Создадим таблицу командой ```CREATE TABLE names```, далее в скобках указываем какие будут поля в этой таблице: 
```
CREATE TABLE names (name_id INT AUTO_INCREMENT PRIMARY KEY, name VARCHAR(20));
```
В этом запросе, мы создаем столбец ```name_id``` в котором будут храниться целые числа (integer), поэтому используем ```INT``` и при добавлении новых элементов в этот столбец, значение будет увеличиваться на 1 поэтому, используем ```AUTO_INCREMENT```
Так как наши идентификаторы являются уникальными, мы сделаем это поле
первичным ключом ```PRIMARY KEY```
Второй столбец мы назвали ```name``` и будем хранить в нем строковые или символьные данные переменного размера, в запросе указано (20) - это кол-во символов.

Но если мы попытаемся использовать команду ```select * from names;``` запрос будет пустой, потому что таблица не содержит данных.

## Наполняем таблицу данными: ##

Используем команду ```INSERT INTO``` после неё укажем имя таблицы, в нашем случае ```names``` и после этого пишем значения через команду ```VALUES()``` в скобках пишем ```null``` так как в первом столбце работает автоинкремент, и через ```,```указваем имя, например ```'Leonid'```, целиком запрос выглядит так:

```INSERT INTO names VALUES(null,'Leonid');```

Для наглядности добавим еще несколько строк с именами:
```INSERT INTO names VALUES(null,'Ivan');```
```INSERT INTO names VALUES(null,'Anton');```

После чего можно обратиться к таблице:
```select * from names;```

Мы увидим, что таблица состоит из нескольких значений:
```
mysql> select * from names;
+---------+--------+
| name_id | name   |
+---------+--------+
|       1 | Leonid |
|       2 | Ivan   |
|       3 | Anton  |
+---------+--------+
3 rows in set (0,00 sec)

```
